customer_id,name,email,phone,address,loyalty_points,birthday,registration_date
CUST0001,Michelle Rogers,jennifergarcia@example.com,(782)288-6893x2988,"162 Mario Islands, West Gregory, WI 73648",613,2005-01-18,2020-09-05
CUST0002,Jason Sanchez,hansencharles@example.net,001-494-418-6970,"799 Zhang Stream, Colefort, VT 54941",56,1975-10-20,2024-11-16
CUST0003,Jeanne Colon,sparksbrandy@example.com,001-604-568-5601x04175,"2342 Howell Forge, Stewartside, NV 14139",7,1968-06-29,2021-07-05
CUST0004,Deborah Romero,keithwarner@example.org,001-946-419-5187x384,"54032 Saunders Land, East Chelseaborough, NH 57422",209,1953-11-02,2022-01-13
CUST0005,Gerald West,monroejessica@example.com,(635)736-6351,"8611 Susan Junction, Stewartton, AR 77900",308,1947-11-19,2022-08-08
CUST0006,Jason Cooper,amy52@example.org,(948)594-2129,"98171 Richard Plaza Suite 384, Ryanfort, RI 63896",968,2006-04-28,2020-11-21
CUST0007,Amanda Daniels,lisastewart@example.net,001-469-239-9351,"95827 Kirk Turnpike, Port Pamela, CT 22824",216,1995-10-26,2023-01-20
CUST0008,Clifford Adams,molinalindsey@example.com,6649362944,"37799 Tara Passage, East Tony, MS 11326",785,1988-05-25,2021-11-28
CUST0009,Nicholas Ward,jasmine72@example.net,636.217.1676,"2340 Michael Union, West Dennis, ME 53675",140,1978-07-07,2023-10-25
CUST0010,Samantha Mendoza,smithnicole@example.com,+1-359-915-0942,"7762 Burnett Courts, Meredithmouth, OR 46502",782,1986-08-02,2022-03-08
CUST0011,Mark Shaffer,iwilliams@example.org,538.643.3168x32657,"035 Shannon Lights, North Donaldburgh, MA 25168",261,1980-12-31,2021-04-03
CUST0012,John Horn,lynn99@example.org,(973)603-7229x143,"129 Ramirez Ways Suite 834, Wilsonberg, GA 94136",296,1946-04-09,2024-07-31
CUST0013,Kristin Fuller,dennis40@example.com,872-470-7323,"593 Jason Village, Jerryfurt, LA 90698",335,1968-05-11,2024-04-27
CUST0014,Melanie Williams,crystalberry@example.com,898.224.3259,"68298 Nathan Well, East Mike, PR 61441",122,1952-07-25,2024-10-20
CUST0015,Breanna Waters,uallen@example.com,(533)586-3954,"4508 Watson Squares Suite 544, Port Amy, FM 77063",7,1951-07-16,2023-03-01
CUST0016,Sarah Scott,joseph12@example.net,(202)926-4811x876,"662 Bradford Plains, Courtneyland, LA 44452",509,1966-11-26,2023-03-14
CUST0017,Dustin Hill,morrisrachel@example.net,592-243-2461x4913,"51760 Timothy Ports, Lake Yolandamouth, AK 96891",764,1988-06-25,2021-03-12
CUST0018,Richard Butler,thomas06@example.org,443.960.3723x3503,"31871 Morales Wells, Holmesville, AL 68370",440,1989-08-24,2024-06-14
CUST0019,Shannon Delgado,saraburch@example.net,485-849-7730x360,"454 Castillo Course Apt. 303, Alisonville, CT 17151",179,1956-09-10,2023-01-02
CUST0020,Elizabeth Clark,agonzales@example.com,499-943-9099,"3105 Gonzalez Throughway, Garychester, MP 77273",132,1971-09-13,2020-08-14
CUST0021,Kimberly Pitts,dominguezamber@example.net,+1-956-905-4671x709,"308 Michael Plaza, New Madelinefurt, AR 45286",389,1983-10-18,2024-06-13
CUST0022,Anthony Miller,briannawalters@example.com,+1-720-370-8147,"34621 Goodman Meadows, South Kimberly, TN 20009",545,1973-04-22,2021-02-05
CUST0023,Curtis Rose,anthonyfrench@example.net,703-955-6807x4298,"14327 Joseph Walk, Waltersfort, VA 76131",720,1953-12-06,2023-07-02
CUST0024,Wendy Cain,matthew57@example.net,8798848468,"9264 Robin Tunnel, Jamieshire, AR 20952",235,1974-07-06,2023-12-28
CUST0025,Michael Stewart,tracyhodges@example.com,(963)328-9411,"162 Skinner Lodge Suite 598, Taylorstad, MD 68031",512,2005-03-15,2022-10-12
CUST0026,Pamela Hall,psmith@example.com,913-705-3849x95909,"80181 Johnson Stream Apt. 990, Port Andrewstad, PW 77693",572,1968-05-22,2020-05-16
CUST0027,Cindy Ross,timothywoodard@example.net,565.326.6651x28493,"01178 Richard Manor, West Travis, UT 82626",853,1975-03-16,2023-06-13
CUST0028,Jeff George,ashleycampbell@example.net,8566116709,"659 Jennings Junctions Apt. 343, Morrisburgh, MP 49783",684,1958-09-15,2022-05-19
CUST0029,Taylor Burgess,jimmy14@example.com,001-642-204-5846x35899,"85260 Foster Harbor Suite 164, Clarencemouth, AZ 75666",825,1953-09-21,2021-03-11
CUST0030,Tara Carter,nking@example.com,(970)281-7350x63887,"202 Gordon Route Suite 803, Jenniferport, NC 55183",362,1969-02-10,2024-01-30
CUST0031,Victoria Anderson,rebekaherickson@example.com,362-842-7957,"07775 Nash Walks Suite 344, New Jenniferfort, SC 07055",73,1958-03-17,2024-06-14
CUST0032,Sandra Gay,mitchellcastillo@example.com,791.211.5356x997,"236 Sergio Passage, Lake Tony, PW 04951",406,1992-01-19,2022-04-02
CUST0033,Dennis Cline,craigpowell@example.org,+1-306-675-7643x281,"7126 Gary Lane Suite 488, West Angela, AL 01198",882,1984-06-28,2023-10-23
CUST0034,Michael Garcia,carla40@example.com,490-550-9720,"5375 Hopkins Forest, Vanessaburgh, VA 69913",759,1981-02-28,2024-01-06
CUST0035,Amy Lewis,philip38@example.org,7984003823,"8446 Michelle Mountains Apt. 856, North Josephborough, IL 78989",43,2003-07-23,2021-12-29
CUST0036,James Maynard,hayleybrown@example.net,400.755.6799,"17306 Melissa Crest, Lisatown, GA 25114",446,1982-06-25,2021-02-10
CUST0037,Brenda Jones,michaelanderson@example.net,489-709-0600x2319,"74031 Carrie Valley, Chelseaview, VI 57618",19,1970-05-11,2023-01-07
CUST0038,James Coleman,nicolehowell@example.com,4834258992,"692 Vincent Light, South Brittanymouth, WA 53625",470,1952-04-28,2022-05-30
CUST0039,Timothy Nguyen Jr.,jasmine78@example.org,5292484116,"1203 Smith Spurs Suite 431, East Tiffany, PW 11657",943,1974-07-18,2024-09-29
CUST0040,Wendy Bryan,stephenburke@example.org,001-593-526-3665x5444,"Unit 0893 Box 5522, DPO AP 69085",79,1959-05-12,2024-03-07
CUST0041,Kristen Parks,efleming@example.net,408-366-0765x389,"5167 Victoria Plain Apt. 281, Lukefurt, MN 50355",882,1946-09-03,2022-10-28
CUST0042,Kathleen Dunn,laura27@example.org,448.263.3917,"910 Young Motorway Suite 780, Cainshire, GU 75279",320,2003-12-27,2021-01-20
CUST0043,Raymond Hunter,knelson@example.net,301.379.3815x37944,"7219 Michael Stream Apt. 513, West Kristinaport, KS 99417",589,1981-12-26,2021-11-23
CUST0044,Heather Escobar,stephanieking@example.net,001-338-232-9730x742,"373 Diana Mountain Apt. 722, Davidville, ID 63911",439,1947-10-30,2021-01-18
CUST0045,Andrew Turner,mary70@example.org,530-244-7808,"94612 Jackson Knolls Apt. 486, North Margaret, VI 24294",587,1969-07-22,2024-06-13
CUST0046,Jean Nichols,campbelldawn@example.net,3064999744,"90389 Cynthia Unions, Port Catherinestad, MI 58994",414,1971-08-14,2020-10-18
CUST0047,Morgan Thomas,stephen99@example.com,(622)200-5411x85754,"0544 Robert Road, New Arielberg, GU 48421",726,1975-10-28,2022-03-22
CUST0048,Kimberly Cruz,xstephens@example.com,5595303034,"5945 Jessica Knoll Apt. 592, Jasonmouth, VI 93172",655,1973-11-09,2022-04-28
CUST0049,Samantha Gibbs,bellchristine@example.net,626-948-1812x259,"005 Sims Freeway, New Hunterton, OR 55384",427,1982-03-28,2024-04-06
CUST0050,Andre Cox,gregory32@example.com,422-699-3506x64105,"90015 Hannah Keys, Hansonbury, KY 80577",296,1968-11-02,2023-10-23
CUST0051,Christopher Roberts,johnsonamanda@example.org,7172244731,"9014 Noah Well Suite 015, Dayville, ME 14289",117,1947-04-24,2022-08-12
CUST0052,Derek Sutton,john48@example.org,(381)930-8484,"558 Aimee Extensions Suite 559, North Stephen, AL 85763",414,1957-06-15,2021-02-26
CUST0053,Jaime Long,sarah46@example.net,347.394.3865x858,"3677 Johnathan Manor, Leemouth, LA 10129",21,1960-11-08,2023-08-06
CUST0054,Mark Raymond,mendozasydney@example.org,(569)534-4386x316,"537 Walton Well Apt. 588, South William, WI 53829",989,1977-06-01,2022-06-11
CUST0055,Christopher Ramos,ronald03@example.org,329-822-3369,"573 Hamilton Mission Suite 319, Robinsonmouth, FL 14565",332,1973-10-16,2024-03-28
CUST0056,Daniel Rocha,wrightdanielle@example.com,(856)382-8112x139,"728 Lisa Loaf, Andersonfurt, WA 23780",175,1956-07-25,2022-03-09
CUST0057,Benjamin Davis,mistyscott@example.com,7378569437,"4256 Nelson Mountain Apt. 018, South Melissashire, LA 45126",820,1994-07-02,2021-09-03
CUST0058,Justin Butler,hendersonjerry@example.org,693-477-3955x2459,"2484 Larry Neck, Lake Robin, MN 93522",970,1971-04-21,2021-04-06
CUST0059,Jason Duarte,charleschris@example.org,(211)985-1952,"USS Phillips, FPO AA 94962",632,1975-09-05,2023-03-31
CUST0060,Heather Garrison,everettmegan@example.net,001-207-958-7206x57105,"USS Savage, FPO AE 32085",471,1975-11-11,2024-02-02
CUST0061,Linda Long,idavis@example.com,712-344-0388,"256 Hawkins Ramp Apt. 254, Matthewton, MD 52664",851,1975-09-12,2023-10-10
CUST0062,Mr. Trevor Hartman,nadams@example.net,+1-602-571-5053x08569,"755 Holly Forest Suite 425, Josephburgh, ND 46097",706,1980-11-01,2022-12-08
CUST0063,Stephen Montoya,melody10@example.net,486-208-7013x4611,"44489 Matthew Turnpike Apt. 955, Melissaton, MD 01107",941,1970-08-05,2022-01-04
CUST0064,Nicole Jacobs,jill62@example.com,730.451.3783,"90421 Smith Isle Apt. 478, Lake Stephanietown, AR 46971",370,1976-03-07,2021-07-11
CUST0065,Emily Montes,rhondacardenas@example.com,+1-862-557-1035x01988,"8948 Reed Road, West Michelle, IL 41158",90,1955-09-07,2024-09-18
CUST0066,Janice Marks,hflores@example.com,+1-561-524-6710x58439,"Unit 6184 Box 4136, DPO AE 88265",447,2005-06-16,2022-04-20
CUST0067,Brenda Hudson,otucker@example.com,421.447.9275x2018,"5173 Ashley Coves, Port Helen, GU 76135",864,1984-03-31,2022-07-16
CUST0068,Alec Jackson,barneskenneth@example.org,929-516-8622x975,"52893 Donald Greens Apt. 156, South Jamie, IL 47637",108,1957-11-27,2023-03-03
CUST0069,Gabrielle Jimenez,sally63@example.com,(782)613-3787,"721 Gary Fords, Mckenzieville, GA 09938",249,1971-11-05,2020-11-19
CUST0070,Mr. Colton Lewis DDS,cody42@example.org,001-534-346-3055x8551,"369 Michael Spring Suite 663, Baileymouth, OK 39544",446,1950-09-30,2021-07-18
CUST0071,Sarah Garcia,tholmes@example.org,001-907-536-0533x788,"73106 Ramirez Estate Apt. 110, Lake Adam, OH 16081",603,2002-01-30,2020-04-19
CUST0072,Susan Saunders,andrewhughes@example.net,546-638-2873x8433,"2772 Gregory Lakes, Sotoview, VI 81825",410,1990-01-23,2021-11-16
CUST0073,Toni Hall,danielwhite@example.org,001-479-755-7224,"73844 Williams Islands Apt. 462, Christianshire, NE 78101",536,2002-09-20,2021-02-11
CUST0074,Brandon Burns,lyonsjennifer@example.org,001-633-208-4297x26768,"835 Brown Stravenue, Samuelbury, CT 10285",80,1977-08-12,2023-12-27
CUST0075,William Martin,criley@example.net,359.297.0556x24073,"62043 Wilson Corner Apt. 479, Kaylashire, MA 94156",405,1993-11-22,2022-12-06
CUST0076,Leslie Gregory,austinthomas@example.org,421.939.2729,"6540 Alejandro Dam, North Andrew, AL 47650",891,1958-10-27,2023-08-15
CUST0077,Alexis Kemp,sheilacruz@example.net,+1-437-224-8610x7677,"10789 Hernandez Isle Suite 538, East Christopher, WI 52004",317,1970-06-02,2023-07-03
CUST0078,Andrew Smith,hendersonterri@example.com,9149969176,"019 Reese Crest, Port Robertmouth, OK 25367",763,1986-10-03,2020-09-02
CUST0079,Patricia Buck,tonya34@example.org,(789)384-1989x713,"3803 Davis Forge Suite 112, Bradleyville, GU 95272",347,1984-06-17,2023-07-09
CUST0080,David Sanchez,ecollins@example.org,+1-779-655-9006x00780,"USNV Carpenter, FPO AA 39415",226,1985-05-26,2021-11-15
CUST0081,Veronica Fisher,patrick50@example.net,(350)219-4887x0967,"38518 Douglas Corners, Jonesstad, AR 26093",341,1989-09-30,2024-01-23
CUST0082,Samantha Jordan,kelly65@example.net,814.598.3193x513,"9458 Kristi Isle Suite 098, North Evelyn, NE 60504",797,1970-09-12,2022-10-19
CUST0083,Jonathan Torres,ortizjeremy@example.net,+1-346-377-5197,"31831 Morgan Walk Apt. 637, West Glenview, MH 18285",172,1972-06-26,2020-03-30
CUST0084,Lindsay English,anna29@example.net,+1-994-756-4367x3334,"98091 James Roads Suite 589, Port Lisaburgh, OK 88615",78,1984-08-09,2021-04-08
CUST0085,Michelle Collins,pamelathomas@example.net,(830)244-8685x08497,"265 Thornton Pike, West Jim, MD 82181",522,1953-01-09,2020-09-01
CUST0086,Lisa Quinn,wallacetimothy@example.org,001-774-548-5337x176,"393 Lawrence Ways, Cabreraborough, KY 39076",648,1968-06-14,2022-03-22
CUST0087,Miss Angel Brennan,ndunn@example.net,+1-419-334-3700x7939,"11859 Miller Squares Apt. 802, Powellmouth, VI 33684",116,1997-08-14,2024-04-19
CUST0088,Jacqueline Collins,gregoryhamilton@example.net,955.445.7283,"8207 Mark Dam, Caseyhaven, CA 45950",543,1975-12-04,2023-03-14
CUST0089,Lindsey Avery,alyssafowler@example.com,585.402.5734x69410,"72921 Gabrielle Burgs, Tiffanyfurt, ND 92188",522,1975-05-08,2024-03-11
CUST0090,Terri Vega,lsanders@example.org,219-264-5110,"902 Elizabeth Station Apt. 567, South Jasmineshire, WI 54739",198,2003-10-02,2020-04-18
CUST0091,Judy Patterson,ufields@example.org,+1-313-779-6037,"4457 Burns Court Suite 503, Kellyside, MI 88612",927,1994-12-03,2021-06-21
CUST0092,Andrea Acosta,crystalpham@example.net,(709)579-0513x02089,"65347 Weiss Village Apt. 063, West Maria, MN 95967",794,1983-05-30,2022-03-15
CUST0093,Melissa Turner,angela25@example.net,2409140357,"32852 Hurley Inlet Apt. 980, Elizabethfort, AK 78694",357,1996-02-24,2023-01-18
CUST0094,Nicole Clark,andersonmelanie@example.com,780-644-7815,"4088 Julie Creek Apt. 210, Mitchelltown, SD 30369",359,1974-05-01,2024-07-24
CUST0095,Phillip Kline,tfarmer@example.com,+1-924-363-6814,"18823 Joseph Port Suite 233, Campbellside, AZ 92251",744,1964-12-02,2023-03-29
CUST0096,Mr. Gregory Anderson,woodsnicole@example.org,(861)218-9875,"Unit 3514 Box 4259, DPO AE 35065",981,1967-04-30,2020-08-02
CUST0097,James Perez,nicholasharper@example.com,001-719-314-2300x9503,"263 Steven Landing Apt. 033, Jenniferton, SD 41498",838,2004-09-25,2024-06-09
CUST0098,Juan Woods,rbryant@example.org,404-688-0072x795,"16349 Cole Ramp, Kelleymouth, AZ 35255",660,1995-02-21,2022-05-15
CUST0099,Regina Griffin,lisanunez@example.com,692-960-3403,"670 David Branch Apt. 574, South Abigail, LA 82783",834,1994-04-27,2022-09-26
CUST0100,Becky Black,kaylajacobs@example.com,(779)520-2273,"1194 Hudson Ports Apt. 574, South Tarabury, PR 24875",151,1952-05-01,2022-12-15
CUST0101,Samantha Burke,james27@example.com,440-345-1320x794,"109 Warren Roads, Port Alicia, MH 83732",241,1990-04-11,2023-06-14
CUST0102,George Lewis,john34@example.net,+1-758-432-6956x402,"485 Daniel Loaf Apt. 770, East Nicolechester, MP 01908",105,1964-02-07,2021-03-06
CUST0103,Jennifer Shepard,jason23@example.net,+1-795-344-1183x207,"7897 Kevin Path, Lake Lisamouth, PA 96286",149,1998-11-17,2024-05-17
CUST0104,Johnny Lucas,briana20@example.org,(673)832-0671,"7322 Richard Square, Port Deborah, SD 50215",262,1952-10-22,2022-11-13
CUST0105,Rebecca Cooper,oyang@example.org,(853)477-1354,"227 Hernandez Crescent, South Christine, IA 10961",202,1966-01-09,2023-04-07
CUST0106,Michael Spears,deannahodges@example.com,+1-254-611-5347x0857,"11933 Mitchell Stream, Bautistaton, WV 16778",177,1965-03-11,2021-07-20
CUST0107,Terry Hanson,jamesluna@example.com,001-937-378-5591x4018,"2033 John Trail Apt. 148, Mariahchester, DE 94450",616,1971-12-14,2022-12-14
CUST0108,Robert Kelley,clarkalexis@example.org,001-650-553-1825,"128 Bass Lock, Stevenview, IN 99312",156,1995-11-27,2023-08-15
CUST0109,Brittney Ewing,paul59@example.net,8257838289,"0010 Short Hill, East Stephanie, GU 89923",778,1970-05-10,2020-03-02
CUST0110,Wesley Mora,justinmiller@example.net,333.696.5746x7860,"03413 Snow Mall Apt. 967, Turnerville, NH 61216",777,1961-08-28,2023-08-08
CUST0111,George Clayton,oliverbrian@example.com,001-772-626-0452x6428,"121 Sheppard Lake Apt. 795, Reyeston, MT 17988",671,1962-01-24,2022-04-02
CUST0112,Nicole Mcguire,dhogan@example.org,+1-782-547-2789x15082,"Unit 8901 Box 1330, DPO AP 66974",77,1998-10-09,2023-03-20
CUST0113,Sarah Young,millerethan@example.org,(307)612-1618x415,"Unit 3008 Box 1612, DPO AP 62175",181,1946-09-09,2024-05-15
CUST0114,David Hoover,inavarro@example.org,2829297239,"641 Brian Station, Port Eugene, MD 92613",974,1993-11-14,2021-12-19
CUST0115,Scott Cordova,prose@example.com,545-531-3063,"125 Pollard Islands Apt. 578, South Jennifer, AL 34695",791,1951-03-17,2020-02-17
CUST0116,Deborah Ayers,ddavidson@example.net,+1-833-850-4247x082,"00301 Amanda Lock, Erichaven, SC 49635",643,1979-03-10,2022-05-31
CUST0117,Julia Gray,zhall@example.org,(847)280-3604,"25979 Williamson Crossing Suite 923, New Lisa, PW 26728",505,1971-12-16,2021-11-16
CUST0118,Todd Taylor,qlewis@example.net,939-716-7401x426,"818 Jenkins Brooks Suite 774, Pittsland, CT 03290",475,1967-08-02,2023-02-22
CUST0119,Angela Johnson,harriselizabeth@example.com,576.834.2629x2430,"15749 Burke Land, West Brandonchester, UT 30685",772,1957-02-27,2021-08-07
CUST0120,John Mclaughlin,thomasbuck@example.net,(741)492-1568,"057 Fox Mews, Shannonside, MD 15425",577,1996-03-05,2020-06-10
CUST0121,Christine Stewart,arobinson@example.com,(687)582-4218x65291,"85190 Russell Grove, South Stevenburgh, NJ 71225",778,1948-11-19,2021-08-03
CUST0122,Erika Kelly,ayalathomas@example.com,(534)749-4488x08339,"9326 Cuevas Trail Apt. 664, Lake Rebeccamouth, ID 31593",593,1983-04-23,2022-09-23
CUST0123,Joseph Wood,lesterdeanna@example.net,472-996-9688,"3843 May Skyway, Hudsonton, VA 52578",459,1975-04-24,2022-03-06
CUST0124,Adrienne Franklin,dianegutierrez@example.net,(226)231-2520x52447,"7744 Glenda Forge Apt. 703, New Georgeside, VI 74626",697,1967-08-30,2020-08-13
CUST0125,Shannon Oneal,nicole08@example.com,818-659-8080x00775,"8015 Karen Haven Suite 201, South Kimberlymouth, OK 75930",946,1950-06-22,2021-07-28
CUST0126,Christina Hill,richardjones@example.net,(323)770-7353x16035,"0257 Ellis Cliff, Davisberg, MS 50383",903,1989-08-24,2024-01-21
CUST0127,Denise Jackson,dennistucker@example.com,396-768-3379x278,"462 Rachael Turnpike Suite 494, East William, WI 34268",578,1990-12-21,2022-02-10
CUST0128,Lori Hammond,poolemichael@example.com,455.768.9389,"93901 Shannon Circles, South Dianamouth, PW 27941",658,1986-08-13,2024-11-12
CUST0129,Robert Hill,ashleywilliams@example.org,747-871-5453,"01999 Powell Brooks Apt. 303, Lake Michelleport, UT 73743",650,1974-04-29,2024-04-19
CUST0130,Chad Evans,delgadoaaron@example.com,001-857-529-4515x14735,"605 Santiago Cape, Brownton, NV 89979",639,1969-12-06,2023-05-16
CUST0131,Leslie Jackson,umeyer@example.org,961-752-1300x0710,"187 Smith Course Suite 320, West Mary, MT 30714",330,1979-10-24,2021-12-14
CUST0132,Theresa Reyes,ncole@example.net,001-230-984-5907x826,"05017 Anthony Roads, Greenport, DE 39449",884,2001-03-25,2023-05-12
CUST0133,Thomas Baker,steven37@example.org,001-858-889-2306x26552,"210 Mcdonald Bypass, Brianshire, ID 45628",994,1972-12-21,2020-12-03
CUST0134,Michael Spears,george52@example.net,(801)720-8036x58836,"61244 Valerie Harbors, New Pamela, LA 17293",642,1966-03-20,2023-01-05
CUST0135,Christian Smith,cmedina@example.com,+1-805-692-7646x97346,"012 Henry Centers, Campbelltown, WI 91962",323,1959-05-24,2021-10-12
CUST0136,Alexander Franklin,gthomas@example.org,001-555-689-8398x7941,"92483 Robert Harbor Apt. 160, East Jennifer, MN 32099",154,1953-02-25,2020-07-13
CUST0137,Alec Long,conniewood@example.net,291.762.2332x38404,"86162 Michael Square, East Angela, NE 76868",450,1947-05-26,2025-01-09
CUST0138,Rodney Ponce,qwallace@example.com,849.974.8557,"126 Benjamin Lake, Johnsonside, AS 43565",69,1948-11-08,2020-12-23
CUST0139,Christopher Adams,michael74@example.com,+1-810-681-6889x240,"62195 Diane Courts Suite 720, New Jamesberg, MD 93513",480,1970-11-29,2021-02-07
CUST0140,James Arnold,kkemp@example.net,793.336.6310x12811,"89651 Martin Rapids Apt. 062, Emilyborough, KY 81757",452,1945-09-03,2022-06-03
CUST0141,Tracy Craig,samantha21@example.net,335.474.9730,"95124 Shane Ville, New Christopherberg, ND 07276",646,1984-04-07,2021-03-27
CUST0142,Julie Perkins,omiddleton@example.org,449.723.3069,"5256 Steven Mountain, Port Brianview, WV 04398",310,1983-10-10,2024-10-05
CUST0143,Melissa Cortez,stephanie11@example.net,641-366-7869,"3212 Townsend Mill Apt. 700, Annside, GA 32325",815,1975-05-30,2023-11-07
CUST0144,Carla Leonard,drice@example.com,729.323.4606,"Unit 4997 Box 3383, DPO AE 95045",281,1986-05-14,2021-05-08
CUST0145,Dr. Eric Jones,brittneyterry@example.net,763.616.4170x3851,"370 Sheri Trail, Ryanshire, UT 97753",605,1977-01-25,2022-02-10
CUST0146,Jesse Hernandez,vfreeman@example.com,261.970.9687x8745,"PSC 9032, Box 6300, APO AA 63174",57,2001-10-16,2022-08-09
CUST0147,Troy Rodriguez,fisherdarryl@example.net,339.570.4027x69558,"7191 Mejia Ridges Suite 051, Lake Brianmouth, CO 58509",360,1985-02-18,2022-07-15
CUST0148,Louis Brown,bbranch@example.org,536-905-4808x0220,"5608 Robert Meadows Apt. 037, New Julie, PR 67971",519,1980-07-26,2022-09-21
CUST0149,James Patton,debrawalker@example.net,4364260293,"433 Perez Flats Apt. 514, Port Tinastad, AL 07408",75,1969-05-18,2021-06-27
CUST0150,Joshua Olson,robertsjaime@example.net,001-709-381-9967,"197 Thomas Falls, East Whitney, MA 52958",317,1974-12-11,2024-04-04
CUST0151,Deanna Lam,stevenmiller@example.org,296-949-8285,"340 Travis Via, West Deborah, AR 68304",472,1964-09-27,2020-08-29
CUST0152,Donald Holland,crystal45@example.net,758.986.9263,"555 Turner Canyon Suite 125, Nortonberg, AZ 13686",462,1954-05-30,2024-10-15
CUST0153,Bryan Brown,ewarren@example.net,314.464.5392,"Unit 8972 Box 4800, DPO AP 90768",38,1958-10-30,2024-10-24
CUST0154,Nathan Shaffer,robert55@example.org,(734)365-5329,"2135 Joseph Meadow, New Jasonview, OR 68289",58,1985-07-09,2021-06-07
CUST0155,Jacob Smith,catherineharper@example.org,+1-935-964-1005x482,"4428 Barrett Forge, Thomashaven, NE 04074",377,1959-02-07,2023-01-18
CUST0156,Jacob Mcintosh,bhill@example.org,7215005287,"279 Taylor Meadow, Pageview, MS 90806",851,1977-08-30,2022-10-13
CUST0157,Deanna Kline,alejandro89@example.net,944-382-9464x46607,"623 Garcia Roads, Susanland, AR 97990",293,1963-08-31,2023-03-02
CUST0158,Michelle Parrish,qnelson@example.net,(727)228-9261,"42832 Porter Curve, East Moniqueton, MN 14651",78,1970-05-27,2020-06-13
CUST0159,Christina Walters,yhale@example.com,904-998-4839,"2895 Hughes Glen, Davidfurt, IN 98013",660,1986-09-06,2024-06-21
CUST0160,Amanda Kelly,matthew18@example.com,988.372.1573x897,"972 Lee Fort, East Robertstad, SD 30417",884,1996-11-29,2022-07-18
CUST0161,Michael Hill,philiportiz@example.net,240-431-7794x399,"386 Hernandez Corners, South Kimberly, MN 24687",1000,1973-02-17,2024-03-08
CUST0162,Brandi Parks,mcphersonwilliam@example.net,001-716-647-2667x44052,"501 Moss Plaza, Villegasside, PR 37652",875,1981-11-04,2020-08-03
CUST0163,Margaret Allen,courtneymoore@example.net,938-810-8575,"49429 Nguyen Court Suite 949, Heatherport, LA 95195",92,1956-12-24,2022-04-21
CUST0164,John Gonzales,hgriffin@example.net,999-978-2781,"304 Ryan Crossroad Apt. 464, East John, IN 13790",629,1951-02-12,2024-06-02
CUST0165,Carol Brooks,johnhines@example.org,+1-525-809-8143x916,"94851 Scott Mill, West Noahview, MA 85249",608,1994-07-14,2023-04-13
CUST0166,Jordan Hicks,william79@example.net,301.895.8561,"237 Karla Shoal, Brittneytown, WI 09750",519,1958-09-06,2020-05-18
CUST0167,Megan Campbell,ryanmelanie@example.org,+1-330-389-2235x94922,"8398 Sara Estate Suite 951, Donaldsontown, UT 54982",393,1986-12-13,2021-05-09
CUST0168,Kayla Obrien,hernandezchristine@example.net,2444633571,"123 Dixon Street Suite 330, North Samantha, ND 90965",473,1977-11-28,2022-04-02
CUST0169,Michelle Parker,elizabethtorres@example.com,+1-405-937-0577,"1144 Moran Locks Apt. 054, West Derekborough, GU 88691",594,1946-01-07,2022-03-28
CUST0170,Matthew Miller,njacobson@example.com,990-273-9229x57177,"998 Alyssa Camp, East Stephen, NE 41933",567,1991-03-19,2021-09-20
CUST0171,Ann Baker,megan58@example.org,6937495844,"521 Curtis Spurs Suite 280, Karenfort, CO 36939",977,1979-03-28,2023-12-21
CUST0172,Paula Compton,kendraferguson@example.net,(345)421-2269,"137 Olson Harbors, East Paulport, KS 52174",810,1993-03-22,2020-06-06
CUST0173,Robert Harris,valerie19@example.org,001-399-241-4359x20451,"92197 Thompson Coves Apt. 307, Andrewmouth, MS 73094",756,1947-02-27,2022-10-18
CUST0174,John Stein,christine09@example.org,362-895-8857,"5840 Contreras Rue, Lake Mary, RI 43823",917,1992-09-22,2021-07-14
CUST0175,Christina Franklin,smaldonado@example.net,407.331.9239x7384,"587 Glenn Ferry Apt. 660, East Megan, HI 29246",42,1998-10-07,2020-02-25
CUST0176,Stacy Hester,jessica02@example.org,(828)670-7586,"612 Katherine Springs, East Erica, TX 42412",460,1962-11-24,2022-09-07
CUST0177,Kathy Hancock,traceyrivera@example.com,001-694-725-8327,"8897 Sarah Flat, New Emilyton, LA 64904",930,1991-05-04,2021-09-02
CUST0178,Michelle Clayton,edward93@example.net,001-338-558-1006x90368,"381 Crystal Roads Apt. 588, Port Jeffrey, AK 13619",829,1985-03-08,2024-05-25
CUST0179,Sarah Shepherd,lawsoncarol@example.org,001-897-651-3223,"751 Steven Ports Suite 827, Stricklandland, OH 40200",585,1980-03-18,2020-05-10
CUST0180,April Simpson,gadams@example.com,663.552.3604x51646,"8614 Rubio Inlet Apt. 960, Port Jeremy, OR 15166",667,1955-02-13,2021-08-11
CUST0181,James Decker,michael94@example.com,542-942-9456x3980,"Unit 0201 Box 7785, DPO AE 19519",192,1977-05-17,2020-03-21
CUST0182,Leslie Hines,brucemathis@example.org,+1-635-389-9575x15571,"41712 Michael Orchard Suite 099, Chapmantown, AL 74506",329,1998-02-16,2023-07-21
CUST0183,Jason Roberts,kblack@example.org,793-258-7478x732,"6276 Benjamin Mountain, Smithmouth, WV 41164",619,1988-05-06,2022-09-21
CUST0184,Miguel Wilson,ddavis@example.com,3758161675,"841 Stephens Court, Port Jennifer, OR 40746",487,1964-04-01,2022-10-20
CUST0185,Michelle Roberts,padillawilliam@example.com,(587)658-9549x0126,"2430 Bruce Light, Aliciaborough, IA 07049",513,2000-08-18,2024-06-13
CUST0186,Sandra Dixon,xrobertson@example.org,001-344-970-4525,"99809 Mclaughlin Tunnel, Wrightberg, VT 13535",154,1982-12-14,2023-09-18
CUST0187,John Shannon,ksmith@example.net,(702)477-3790,"331 Kyle Pines Suite 036, Lake Adamtown, ND 84003",980,1993-09-25,2024-12-28
CUST0188,James Montes,pperez@example.net,+1-280-766-5035x594,"USNV Jacobs, FPO AP 53865",63,1971-12-19,2022-10-30
CUST0189,Susan Hardy,angelastevens@example.net,218.256.1495x31455,"92492 Barnes Rapids Suite 186, North Charles, AZ 31217",461,1959-06-28,2024-11-28
CUST0190,James Adkins,tamara47@example.org,6735246569,"1750 Collier Fall Apt. 881, South Bailey, RI 99098",105,2004-09-24,2021-06-18
CUST0191,Lisa Holland,aaronmoore@example.com,3914777401,"80566 Gonzalez Lock, North Willie, SD 06691",830,1985-06-11,2022-03-04
CUST0192,Felicia Powers,terri37@example.org,206-819-2763x651,"16430 Hoffman Meadow, Lake Johnchester, DC 91271",920,1998-12-26,2024-01-28
CUST0193,Bailey Collins,marioroman@example.com,821.481.9227,"98988 Deleon Pines, East Vincent, OR 62882",857,1954-06-15,2021-01-15
CUST0194,Amber Powers,mitchelljay@example.org,(858)944-4163x707,"822 Andrews Wells, New Lacey, KY 01591",351,1991-08-13,2023-04-15
CUST0195,Dylan Boyd,alvarezroy@example.net,681.710.3090,"1924 Wilkins Alley, Nunezbury, IL 07724",731,1967-03-22,2023-11-13
CUST0196,Daniel Heath,ujohnson@example.net,+1-259-533-8659x416,"Unit 9595 Box 6764, DPO AA 21482",86,1964-02-01,2024-08-16
CUST0197,Holly Hall,hwright@example.org,(999)580-6178x403,"706 Watkins Place Suite 909, Thomaschester, CA 83209",516,1982-06-03,2024-01-29
CUST0198,Rachel Smith,kathleen33@example.net,720-917-6535,"222 Mitchell Fort, Mitchelltown, NV 59541",661,1962-01-31,2023-12-26
CUST0199,Charles Spears,padillazachary@example.net,(448)477-9611x15666,"4001 Hernandez Center Suite 780, Moonburgh, AR 92644",176,1961-09-21,2021-09-11
CUST0200,Henry Hamilton,ashley82@example.org,4246675029,"0862 Tamara Summit Suite 588, South Don, MS 81920",40,1955-05-07,2023-04-09
